{"count":1,"self":9738.7266048,"total":11186.392096599999,"children":{"AgentSendState":{"count":564796,"self":90.715827199999993,"total":254.2987078,"children":{"CollectObservations":{"count":2259360,"self":40.0165568,"total":40.016556699999995,"children":null},"CollectDiscreteActionMasks":{"count":2259360,"self":16.1177776,"total":16.1177769,"children":null},"AgentInfo.ToProto":{"count":2259360,"self":41.4455424,"total":107.44854529999999,"children":{"GenerateSensorData":{"count":2259360,"self":66.00300159999999,"total":66.003002,"children":null}}}}},"DecideAction":{"count":564796,"self":1087.857152,"total":1087.8571935999998,"children":null},"AgentAct":{"count":564796,"self":105.5072064,"total":105.50720419999999,"children":null}},"gauges":{},"metadata":{"timer_format_version":"0.1.0","start_time_seconds":"1609168648","unity_version":"2019.4.12f1","command_line_arguments":"C:\\Program Files\\Unity\\Hub\\Editor\\2019.4.12f1\\Editor\\Unity.exe -projectpath C:\/Users\/adetu\/Documents\/GameCreation\/Soccer_Sports -useHub -hubIPC -cloudEnvironment production -hubSessionId 8e6dc070-45fa-11eb-a5ee-456f8434284c -accessToken CK8Ha1eh-P500mKw9xnf1g46jxxX9CIIHrm8Qz2ttRw012f","communication_protocol_version":"1.0.0","com.unity.ml-agents_version":"1.0.6","scene_name":"SceneTwo","end_time_seconds":"1609179834"}}